"1","cancel"
"2","ingredients_list"
"3","nutrition_info"
"4","greeting"
"5","taxes"
"6","change_volume"
"7","order_status"
"8","change_speed"
"9","find_phone"
"10","balance"
"11","plug_type"
"12","weather"
"13","interest_rate"
"14","flip_coin"
"15","measurement_conversion"
"16","food_last"
"17","text"
"18","meeting_schedule"
"19","direct_deposit"
"20","order"
"21","calculator"
"22","apr"
"23","pto_used"
"24","account_blocked"
"25","change_language"
"26","exchange_rate"
"27","mpg"
"28","restaurant_suggestion"
"29","transactions"
"30","play_music"
"31","insurance_change"
"32","tire_change"
"33","flight_status"
"34","report_fraud"
"35","calendar_update"
"36","thank_you"
"37","change_ai_name"
"38","fun_fact"
"39","shopping_list_update"
"40","change_accent"
"41","how_old_are_you"
"42","improve_credit_score"
"43","credit_score"
"44","confirm_reservation"
"45","international_fees"
"46","maybe"
"47","user_name"
"48","goodbye"
"49","book_flight"
"50","how_busy"
"51","cancel_reservation"
"52","routing"
"53","schedule_maintenance"
"54","restaurant_reviews"
"55","schedule_meeting"
"56","lost_luggage"
"57","international_visa"
"58","what_song"
"59","payday"
"60","tire_pressure"
"61","update_playlist"
"62","new_card"
"63","calendar"
"64","order_checks"
"65","who_made_you"
"66","last_maintenance"
"67","oil_change_how"
"68","reminder"
"69","gas_type"
"70","credit_limit_change"
"71","next_song"
"72","book_hotel"
"73","spending_history"
"74","travel_suggestion"
"75","rollover_401k"
"76","todo_list_update"
"77","make_call"
"78","insurance"
"79","date"
"80","who_do_you_work_for"
"81","damaged_card"
"82","meaning_of_life"
"83","min_payment"
"84","expiration_date"
"85","translate"
"86","are_you_a_bot"
"87","cook_time"
"88","oos"
"89","application_status"
"90","w2"
"91","todo_list"
"92","tell_joke"
"93","pay_bill"
"94","current_location"
"95","traffic"
"96","where_are_you_from"
"97","change_user_name"
"98","pin_change"
"99","what_is_your_name"
"100","travel_alert"
"101","report_lost_card"
"102","share_location"
"103","bill_balance"
"104","shopping_list"
"105","pto_request_status"
"106","next_holiday"
"107","reminder_update"
"108","transfer"
"109","sync_device"
"110","directions"
"111","bill_due"
"112","car_rental"
"113","card_declined"
"114","reset_settings"
"115","replacement_card_duration"
"116","income"
"117","no"
"118","smart_home"
"119","distance"
"120","vaccines"
"121","timezone"
"122","meal_suggestion"
"123","recipe"
"124","rewards_balance"
"125","uber"
"126","oil_change_when"
"127","timer"
"128","pto_balance"
"129","repeat"
"130","ingredient_substitution"
"131","alarm"
"132","credit_limit"
"133","gas"
"134","accept_reservations"
"135","definition"
"136","redeem_rewards"
"137","pto_request"
"138","carry_on"
"139","roll_dice"
"140","jump_start"
"141","spelling"
"142","yes"
"143","what_can_i_ask_you"
"144","whisper_mode"
"145","calories"
"146","what_are_your_hobbies"
"147","freeze_account"
"148","travel_notification"
"149","restaurant_reservation"
"150","do_you_have_pets"
"151","time"
